{"train_accs": [0.5520833333333334, 0.8250000000000001, 0.9302083333333333, 0.93125, 0.9249999999999999, 0.96875, 0.984375, 0.984375, 0.9572916666666668, 0.9895833333333334, 0.9947916666666666, 0.9947916666666666, 0.9729166666666668, 0.9833333333333334, 0.9833333333333334, 1.0, 1.0, 0.9833333333333334, 0.9947916666666666, 0.9895833333333334, 0.96875, 1.0, 0.9895833333333334, 1.0, 0.984375, 1.0, 1.0, 0.9947916666666666, 1.0, 1.0, 0.9833333333333334, 0.9947916666666666, 0.9947916666666666, 1.0, 1.0, 0.9895833333333334, 1.0, 0.9947916666666666, 1.0, 1.0], "train_losses": [0.8882095217704773, 0.4511873126029968, 0.15831244736909866, 0.14188079039255777, 0.17052782575289407, 0.11883734414974849, 0.07000851817429066, 0.07362364108363788, 0.08951881155371666, 0.035485548277695976, 0.029118059668689966, 0.02237166278064251, 0.06254132029910882, 0.04623783860976497, 0.023086213584368426, 0.01314939729248484, 0.009092517662793398, 0.04940922682483991, 0.03592832270078361, 0.024836087444176275, 0.0806916132569313, 0.012298934161663055, 0.02411587256938219, 0.010437258364011845, 0.03160886590679487, 0.004893450784341742, 0.004959520495807131, 0.012638883820424477, 0.00890603281247119, 0.0056906536143894, 0.05525381940727433, 0.017819342358658712, 0.01901275342485557, 0.019212648427734774, 0.009591148234903812, 0.028325351576010387, 0.003923156841968496, 0.008107085498825958, 0.008372688122714559, 0.008260872525473436], "train_losses_bbox": [0.3983562688032786, 0.19460889200369516, 0.1272320101658503, 0.1068941056728363, 0.07947855566938718, 0.0718185802300771, 0.03933643425504366, 0.039075167228778206, 0.0332862896223863, 0.034945776065190635, 0.022572465240955353, 0.024817009766896565, 0.024577001109719276, 0.01621958085646232, 0.0216229601452748, 0.014651754250129065, 0.01626911573112011, 0.013613800828655561, 0.011303368024528027, 0.012809961413343748, 0.015999179023007553, 0.013548615388572216, 0.01333236942688624, 0.013155745652814707, 0.012395982009669146, 0.01228156623740991, 0.012250462857385477, 0.0087220116207997, 0.011011082989474138, 0.010268072908123335, 0.010049178265035152, 0.009268775582313538, 0.010723440597454706, 0.009729857556521893, 0.010622006841003895, 0.009645228274166584, 0.009609397811194261, 0.009228676557540894, 0.009398388676345348, 0.009190044676264128], "valid_accs": [0.7368421052631579, 0.9736842105263158, 0.9473684210526315, 0.9210526315789473, 0.9736842105263158, 1.0, 0.9736842105263158, 0.9736842105263158, 1.0, 1.0, 0.9736842105263158, 0.9736842105263158, 1.0, 0.9736842105263158, 1.0, 0.9736842105263158, 0.9473684210526315, 0.9736842105263158, 0.9736842105263158, 0.9736842105263158, 0.9736842105263158, 0.9473684210526315, 0.9736842105263158, 0.9736842105263158, 0.9736842105263158, 0.9736842105263158, 1.0, 1.0, 1.0, 1.0, 1.0, 0.9736842105263158, 0.9736842105263158, 0.9736842105263158, 0.9736842105263158, 1.0, 1.0, 0.9736842105263158, 1.0, 1.0], "valid_losses": [0.5782864689826965, 0.1672196388244629, 0.1747509241104126, 0.16579623520374298, 0.08600793033838272, 0.04890963435173035, 0.0794404149055481, 0.07152406126260757, 0.034411534667015076, 0.03273528441786766, 0.040637120604515076, 0.049131229519844055, 0.03718790411949158, 0.03727405145764351, 0.04632559418678284, 0.06247418001294136, 0.06734152883291245, 0.04597921296954155, 0.05513988807797432, 0.07203894853591919, 0.04901262745261192, 0.06089973449707031, 0.11851459741592407, 0.12614399194717407, 0.08234629780054092, 0.054774925112724304, 0.040114302188158035, 0.03314557299017906, 0.029496049508452415, 0.02480633743107319, 0.023681290447711945, 0.049934398382902145, 0.08478438854217529, 0.08240661770105362, 0.05458477884531021, 0.0316828191280365, 0.030910460278391838, 0.033191125839948654, 0.03251110762357712, 0.040190842002630234], "valid_losses_bbox": [0.08165799826383591, 0.1919868141412735, 0.09544037282466888, 0.056680742651224136, 0.09640322625637054, 0.05605189502239227, 0.062002915889024734, 0.04336833581328392, 0.044524602591991425, 0.03646661341190338, 0.04827461391687393, 0.03408484533429146, 0.032125066965818405, 0.03226199746131897, 0.03348708152770996, 0.027670089155435562, 0.02735925279557705, 0.02736063487827778, 0.026139196008443832, 0.022518178448081017, 0.02524828352034092, 0.025335635989904404, 0.030649956315755844, 0.02552952989935875, 0.024666093289852142, 0.02390209771692753, 0.024172859266400337, 0.022057542577385902, 0.022343680262565613, 0.024013826623558998, 0.024155933409929276, 0.02761017344892025, 0.025547150522470474, 0.021865619346499443, 0.02303643338382244, 0.022817259654402733, 0.024133983999490738, 0.020402954891324043, 0.02370818518102169, 0.02384927310049534], "train_f1s": [0.5221659268095776, 0.81605555298054, 0.9313097917720884, 0.931606942428445, 0.9284024366441432, 0.968505726452516, 0.98438862724577, 0.9843229166666667, 0.9579204273855457, 0.9894889444578885, 0.9947943583118001, 0.9947873209567515, 0.9728572254682453, 0.9835353535353536, 0.9839682539682539, 1.0, 1.0, 0.9836007130124776, 0.9948052939124367, 0.9896491228070176, 0.9692167327187707, 1.0, 0.9895682187106605, 1.0, 0.9844379025764894, 1.0, 1.0, 0.9947916666666666, 1.0, 1.0, 0.9836007130124776, 0.994804880197322, 0.9948089032910462, 1.0, 1.0, 0.9896102906246282, 1.0, 0.9947740283825189, 1.0, 1.0], "valid_f1s": [0.6855827067669173, 0.9736452241715399, 0.9481497221314156, 0.922371051316447, 0.9736452241715399, 1.0, 0.9736452241715399, 0.9736452241715399, 1.0, 1.0, 0.9736452241715399, 0.9736452241715399, 1.0, 0.973599457581151, 1.0, 0.9736452241715399, 0.9473294346978557, 0.973599457581151, 0.973599457581151, 0.973599457581151, 0.973599457581151, 0.9473294346978557, 0.9736842105263158, 0.9736842105263158, 0.9736842105263158, 0.9736452241715399, 1.0, 1.0, 1.0, 1.0, 1.0, 0.9736452241715399, 0.9736452241715399, 0.9736452241715399, 0.9736452241715399, 1.0, 1.0, 0.973599457581151, 1.0, 1.0]}